Workbook

Sheet 说明
B4: 修订历史
B5: 序号 | C5: 修订内容 | D5: 修订人 | E5: 修订日期
B6: 1 | C6: 建立初始模板,实现填写明细即出收入总额 | D6: lynn | E6: 2015.09.11
B7: 2
B8: 3

Sheet 数据—淘米方
A1: 统一配置项
A2: VIP的套餐单价
A3: 31 | B3: 150
A4: 93 | B4: 450
A5: 186 | B5: 800
A6: 372 | B6: 1500
C8: VIP天数
C9: 请逐月填写
C11: 摩尔庄园 | D11: 包月天数 | E11: 42156 | F11: 42186 | G11: 42217 | H11: 42248 | I11: 42278 | J11: 42309
C12: VIP | D12: 31 | F12: 1407 | G12: 1182 | H12: 715 | I12: 613 | J12: 511
D13: 93 | F13: 40 | G13: 41 | H13: 44 | I13: 32 | J13: 23
D14: 186 | F14: 11 | G14: 18 | H14: 20 | I14: 10 | J14: 5
D15: 372 | F15: 11 | G15: 9 | H15: 9 | I15: 7 | J15: 20
C18: 赛尔号
C19: VIP | D19: 包月天数 | E19: =E11 -> 42156 | F19: =F11 -> 42186 | G19: =G11 -> 42217 | H19: =H11 -> 42248 | I19: 42278 | J19: =J11 -> 42309
D20: 31 | F20: 706 | G20: 1129 | H20: 650 | I20: 597 | J20: 614
D21: 93 | F21: 130 | G21: 97 | H21: 56 | I21: 54 | J21: 39
D22: 186 | F22: 36 | G22: 40 | H22: 57 | I22: 31 | J22: 19
D23: 372 | F23: 46 | G23: 59 | H23: 58 | I23: 43 | J23: 41
C27: 小花仙 | D27: 包月天数 | E27: =E11 -> 42156 | F27: 42186 | G27: 42217 | H27: 42248 | I27: 42278 | J27: 42309
C28: VIP | D28: 31 | F28: 380 | G28: 560 | H28: 346 | I28: 360 | J28: 436
D29: 93 | F29: 229 | G29: 82 | H29: 28 | I29: 170 | J29: 150
D30: 186 | F30: 9 | G30: 14 | H30: 6 | I30: 9 | J30: 7
D31: 372 | F31: 18 | G31: 63 | H31: 31 | I31: 20 | J31: 15
C34: 功夫派
C35: VIP | D35: 包月天数 | E35: =E11 -> 42156 | F35: 42186 | G35: 42217 | H35: 42248 | I35: 42278 | J35: 42309
D36: 31 | F36: 145 | G36: 113 | H36: 79 | I36: 65 | J36: 63
D37: 93 | F37: 9 | G37: 5 | H37: 7 | I37: 10 | J37: 11
D38: 186 | F38: 7 | G38: 2 | H38: 2 | I38: 1 | J38: 2
D39: 372 | F39: 11 | G39: 10 | H39: 3 | I39: 0 | J39: 8
C42: 热血精灵派
C43: VIP | D43: 包月天数 | E43: =E11 -> 42156 | F43: 42186 | G43: 42217 | H43: 42248 | I43: 42278 | J43: 42309
D44: 30 | F44: 174 | G44: 151 | H44: 230 | I44: 112 | J44: 141
D45: 90 | F45: 33 | G45: 26 | H45: 16 | I45: 14 | J45: 19
D46: 180 | F46: 7 | G46: 8 | H46: 5 | I46: 7 | J46: 7
D47: 360 | F47: 13 | G47: 6 | H47: 12 | I47: 9 | J47: 6
C49: VIP收入
C50: 摩尔庄园
D51: 包月天数 | E51: =E11 -> 42156 | F51: =F11 -> 42186 | G51: =G11 -> 42217 | H51: =H11 -> 42248 | I51: 42278 | J51: =J11 -> 42309
D52: 31 | E52: =E12*$B$3 -> 0 | F52: =F12*$B$3 -> 211050 | G52: =G12*$B$3 -> 177300 | H52: =H12*$B$3 -> 107250 | I52: =I12*$B$3 -> 91950
D53: 93 | E53: =E13*$B$4 -> 0 | F53: =F13*$B$4 -> 18000 | G53: =G13*$B$4 -> 18450 | H53: =H13*$B$4 -> 19800 | I53: =I13*$B$4 -> 14400
D54: 186 | E54: =E14*$B$5 -> 0 | F54: =F14*$B$5 -> 8800 | G54: =G14*$B$5 -> 14400 | H54: =H14*$B$5 -> 16000 | I54: =I14*$B$5 -> 8000
D55: 372 | E55: =E15*$B$6 -> 0 | F55: =F15*$B$6 -> 16500 | G55: =G15*$B$6 -> 13500 | H55: =H15*$B$6 -> 13500 | I55: =I15*$B$6 -> 10500
D56: 总收入 | E56: =SUM(E52:E55) -> 0 | F56: =SUM(F52:F55) -> 254350 | G56: =SUM(G52:G55) -> 223650 | H56: =SUM(H52:H55) -> 156550 | I56: =SUM(I52:I55) -> 124850
C58: 赛尔号 | D58: VIP收入
D59: 包月天数 | E59: =E11 -> 42156 | F59: =F19 -> 42186 | G59: =G19 -> 42217 | H59: =H19 -> 42248 | I59: 42278 | J59: =J19 -> 42309
D60: 31 | E60: =E20*$B$3 -> 0 | F60: =F20*$B$3 -> 105900 | G60: =G20*$B$3 -> 169350 | H60: =H20*$B$3 -> 97500 | I60: =I20*$B$3 -> 89550
D61: 93 | E61: =E21*$B$4 -> 0 | F61: =F21*$B$4 -> 58500 | G61: =G21*$B$4 -> 43650 | H61: =H21*$B$4 -> 25200 | I61: =I21*$B$4 -> 24300
D62: 186 | E62: =E22*$B$5 -> 0 | F62: =F22*$B$5 -> 28800 | G62: =G22*$B$5 -> 32000 | H62: =H22*$B$5 -> 45600 | I62: =I22*$B$5 -> 24800
D63: 372 | E63: =E23*$B$6 -> 0 | F63: =F23*$B$6 -> 69000 | G63: =G23*$B$6 -> 88500 | H63: =H23*$B$6 -> 87000 | I63: =I23*$B$6 -> 64500
D64: 总收入 | E64: =SUM(E60:E63) -> 0 | F64: =SUM(F60:F63) -> 262200 | G64: =SUM(G60:G63) -> 333500 | H64: =SUM(H60:H63) -> 255300 | I64: =SUM(I60:I63) -> 203150
C66: 小花仙 | D66: VIP收入
D67: 包月天数 | E67: =E11 -> 42156 | F67: =F27 -> 42186 | G67: =G27 -> 42217 | H67: =H27 -> 42248 | I67: 42278 | J67: =J27 -> 42309
D68: 31 | E68: =E28*$B$3 -> 0 | F68: =F28*$B$3 -> 57000 | G68: =G28*$B$3 -> 84000 | H68: =H28*$B$3 -> 51900 | I68: =I28*$B$3 -> 54000
D69: 93 | E69: =E29*$B$4 -> 0 | F69: =F29*$B$4 -> 103050 | G69: =G29*$B$4 -> 36900 | H69: =H29*$B$4 -> 12600 | I69: =I29*$B$4 -> 76500
D70: 186 | E70: =E30*$B$5 -> 0 | F70: =F30*$B$5 -> 7200 | G70: =G30*$B$5 -> 11200 | H70: =H30*$B$5 -> 4800 | I70: =I30*$B$5 -> 7200
D71: 372 | E71: =E31*$B$6 -> 0 | F71: =F31*$B$6 -> 27000 | G71: =G31*$B$6 -> 94500 | H71: =H31*$B$6 -> 46500 | I71: =I31*$B$6 -> 30000
D72: 总收入 | E72: =SUM(E68:E71) -> 0 | F72: =SUM(F68:F71) -> 194250 | G72: =SUM(G68:G71) -> 226600 | H72: =SUM(H68:H71) -> 115800 | I72: =SUM(I68:I71) -> 167700
C74: 功夫派 | D74: VIP收入
D75: 包月天数 | E75: =E11 -> 42156 | F75: =F35 -> 42186 | G75: =G35 -> 42217 | H75: =H35 -> 42248 | I75: 42278
D76: 31 | E76: =E36*$B$3 -> 0 | F76: =F36*$B$3 -> 21750 | G76: =G36*$B$3 -> 16950 | H76: =H36*$B$3 -> 11850 | I76: =I36*$B$3 -> 9750
D77: 93 | E77: =E37*$B$4 -> 0 | F77: =F37*$B$4 -> 4050 | G77: =G37*$B$4 -> 2250 | H77: =H37*$B$4 -> 3150 | I77: =I37*$B$4 -> 4500
D78: 186 | E78: =E38*$B$5 -> 0 | F78: =F38*$B$5 -> 5600 | G78: =G38*$B$5 -> 1600 | H78: =H38*$B$5 -> 1600 | I78: =I38*$B$5 -> 800
D79: 372 | E79: =E39*$B$6 -> 0 | F79: =F39*$B$6 -> 16500 | G79: =G39*$B$6 -> 15000 | H79: =H39*$B$6 -> 4500 | I79: =I39*$B$6 -> 0
D80: 总收入 | E80: =SUM(E76:E79) -> 0 | F80: =SUM(F76:F79) -> 47900 | G80: =SUM(G76:G79) -> 35800 | H80: =SUM(H76:H79) -> 21100 | I80: =SUM(I76:I79) -> 15050
C82: 热血精灵派 | D82: VIP收入
D83: 包月天数 | E83: =E11 -> 42156 | F83: =F43 -> 42186 | G83: =G43 -> 42217 | H83: =H43 -> 42248 | I83: 42278
D84: 31 | E84: =E44*$B$3 -> 0 | F84: =F44*$B$3 -> 26100 | G84: =G44*$B$3 -> 22650 | H84: =H44*$B$3 -> 34500 | I84: =I44*$B$3 -> 16800
D85: 93 | E85: =E45*$B$4 -> 0 | F85: =F45*$B$4 -> 14850 | G85: =G45*$B$4 -> 11700 | H85: =H45*$B$4 -> 7200 | I85: =I45*$B$4 -> 6300
D86: 186 | E86: =E46*$B$5 -> 0 | F86: =F46*$B$5 -> 5600 | G86: =G46*$B$5 -> 6400 | H86: =H46*$B$5 -> 4000 | I86: =I46*$B$5 -> 5600
D87: 372 | E87: =E47*$B$6 -> 0 | F87: =F47*$B$6 -> 19500 | G87: =G47*$B$6 -> 9000 | H87: =H47*$B$6 -> 18000 | I87: =I47*$B$6 -> 13500
D88: 总收入 | E88: =SUM(E84:E87) -> 0 | F88: =SUM(F84:F87) -> 66050 | G88: =SUM(G84:G87) -> 49750 | H88: =SUM(H84:H87) -> 63700 | I88: =SUM(I84:I87) -> 42200
C90: VIP各项目收入汇总 | E90: =E11 -> 42156 | F90: =F11 -> 42186 | G90: =G11 -> 42217 | H90: =H11 -> 42248 | I90: 42278
D91: 摩尔庄园 | E91: =E56 -> 0 | F91: =F56 -> 254350 | G91: =G56 -> 223650 | H91: =H56 -> 156550 | I91: =I56 -> 124850
D92: 赛尔号 | E92: =E64 -> 0 | F92: =F64 -> 262200 | G92: =G64 -> 333500 | H92: =H64 -> 255300 | I92: =I64 -> 203150
D93: 小花仙 | E93: =E72 -> 0 | F93: =F72 -> 194250 | G93: =G72 -> 226600 | H93: =H72 -> 115800 | I93: =I72 -> 167700
D94: 功夫派 | E94: =E80 -> 0 | F94: =F80 -> 47900 | G94: =G80 -> 35800 | H94: =H80 -> 21100 | I94: =I80 -> 15050
D95: 热血精灵派 | E95: =E88 -> 0 | F95: =F88 -> 66050 | G95: =G88 -> 49750 | H95: =H88 -> 63700 | I95: =I88 -> 42200
C98: 商城消费情况-消耗米币 | E98: =E11 -> 42156 | F98: =F11 -> 42186 | G98: =G11 -> 42217 | H98: =H11 -> 42248 | I98: 42278 | J98: =J11 -> 42309
C99: 台币（分） | D99: 摩尔庄园 | F99: 15902200 | G99: 21583500 | H99: 16776300 | I99: 13079900 | J99: 10780500
D100: 赛尔号 | F100: 171837500 | G100: 179787500 | H100: 173119000 | I100: 145606500 | J100: 121829500
D101: 小花仙 | F101: 84445000 | G101: 122493000 | H101: 89234500 | I101: 85692500 | J101: 86524500
D102: 功夫派 | F102: 19197000 | G102: 27259500 | H102: 13278600 | I102: 9068500 | J102: 10736800
D103: 热血精灵派 | F103: 30318000 | G103: 23346000 | H103: 23131500 | I103: 21604500 | J103: 19680000
C106: 米币兑换游戏币 | E106: =E11 -> 42156 | F106: =F11 -> 42186 | G106: =G11 -> 42217 | H106: =H11 -> 42248 | I106: 42278 | J106: =J11 -> 42309
C107: 台币（分） | D107: 摩尔庄园 | F107: 15902200 | G107: 21583500 | H107: 16776300 | I107: 13129900 | J107: 10780500
D108: 赛尔号 | F108: 171837500 | G108: 179792500 | H108: 173119000 | I108: 145624500 | J108: 121829500
D109: 小花仙 | F109: 84445000 | G109: 122493000 | H109: 89234500 | I109: 85772000 | J109: 86574500
D110: 功夫派 | F110: 19197000 | G110: 27259500 | H110: 13278600 | I110: 9068500 | J110: 10736800
D111: 热血精灵派 | F111: 30318000 | G111: 23346000 | H111: 23131500 | I111: 21604500 | J111: 19680000
E114: =E11 -> 42156 | F114: =F11 -> 42186 | G114: =G11 -> 42217 | H114: =H11 -> 42248 | I114: 42278
C115: 台币（元） | D115: 摩尔庄园 | E115: =E107/100 -> 0 | F115: =F107/100 -> 159022 | G115: =G107/100 -> 215835 | H115: =H107/100 -> 167763 | I115: =I107/100 -> 131299
D116: 赛尔号 | E116: =E108/100 -> 0 | F116: =F108/100 -> 1718375 | G116: =G108/100 -> 1797925 | H116: =H108/100 -> 1731190 | I116: =I108/100 -> 1456245
D117: 小花仙 | E117: =E109/100 -> 0 | F117: =F109/100 -> 844450 | G117: =G109/100 -> 1224930 | H117: =H109/100 -> 892345 | I117: =I109/100 -> 857720
D118: 功夫派 | E118: =E110/100 -> 0 | F118: =F110/100 -> 191970 | G118: =G110/100 -> 272595 | H118: =H110/100 -> 132786 | I118: =I110/100 -> 90685
D119: 热血精灵派 | E119: =E111/100 -> 0 | F119: =F111/100 -> 303180 | G119: =G111/100 -> 233460 | H119: =H111/100 -> 231315 | I119: =I111/100 -> 216045
C123: 所有项目汇总收入 | E123: =E11 -> 42156 | F123: =F35 -> 42186 | G123: =G35 -> 42217 | H123: =H35 -> 42248 | I123: 42278
C124: 台币（元） | D124: 摩尔庄园 | E124: =E91+E115 -> 0 | F124: =F91+F115 -> 413372 | G124: =G91+G115 -> 439485 | H124: =H91+H115 -> 324313 | I124: =I91+I115 -> 256149
D125: 赛尔号 | E125: =E92+E116 -> 0 | F125: =F92+F116 -> 1980575 | G125: =G92+G116 -> 2131425 | H125: =H92+H116 -> 1986490 | I125: =I92+I116 -> 1659395
D126: 小花仙 | E126: =E93+E117 -> 0 | F126: =F93+F117 -> 1038700 | G126: =G93+G117 -> 1451530 | H126: =H93+H117 -> 1008145 | I126: =I93+I117 -> 1025420
...

Sheet 数据-对账后分成收入
C1: 统一配置
C2: 各项目抽成比例
C3: 摩尔庄园 | D3: 0.18
C4: 赛尔号 | D4: 0.22
C5: 小花仙 | D5: 0.18
C6: 功夫派 | D6: 0.25
C7: 热血精灵派 | D7: 0.22
D9: 42156 | E9: 42186 | F9: 42217 | G9: 42248 | H9: 42278
C10: 本次美元汇率 | F10: 32.5 | H10: 32.44
C11: 本次人民币汇率
C16: 摩尔庄园 | D16: 42156 | E16: 42186 | F16: 42217 | G16: 42248 | H16: 42278 | I16: 42309
C17: 总收入 | F17: =数据—淘米方!G$124 -> 439485 | G17: =数据—淘米方!H$124 -> 324313 | H17: =数据—淘米方!I$124 -> 256149
C18: 测试收入 | F18: 7659 | G18: 7660 | H18: 2000
C19: 正式进账 | F19: =F17-F18 -> 431826 | G19: =G17-G18 -> 316653 | H19: =H17-H18 -> 254149
C20: 依据合约抽成 | F20: =ROUND(F19*$D$3,0) -> 77729 | G20: =ROUND(G19*$D$3,0) -> 56998 | H20: =ROUND(H19*$D$3,0) -> 45747
C21: 台湾政府税率20% | F21: =ROUND(F20*0.2,0) -> 15546 | G21: =ROUND(G20*0.2,0) -> 11400 | H21: =ROUND(H20*0.2,0) -> 9149
C22: 分成实付台币金额 | F22: =F20-F21 -> 62183 | G22: =G20-G21 -> 45598 | H22: =H20-H21 -> 36598
C23: 转成美金 | F23: =ROUND(F22/F10,2) -> 1913.32 | G23: =ROUND(G22/G10,2) -> #DIV/0! | H23: =ROUND(H22/H10,2) -> 1128.18
C24: 转成人民币
C26: 赛尔号 | D26: 42156 | E26: 42186 | F26: 42217 | G26: 42248 | H26: 42278 | I26: 42309
C27: 总收入 | F27: =数据—淘米方!G$125 -> 2131425 | H27: 1659395
C28: 测试收入 | F28: 5580 | H28: 15050
C29: 正式进账 | F29: =F27-F28 -> 2125845 | G29: =G27-G28 -> 0 | H29: =H27-H28 -> 1644345
C30: 依据合约抽成 | F30: =ROUND(F29*$D$4,0) -> 467686 | G30: =ROUND(G29*$D$4,0) -> 0 | H30: =ROUND(H29*$D$4,0) -> 361756
C31: 台湾政府税率20% | F31: =ROUND(F30*0.2,0) -> 93537 | G31: =ROUND(G30*0.2,0) -> 0 | H31: =ROUND(H30*0.2,0) -> 72351
C32: 分成实付台币金额 | F32: =F30-F31 -> 374149 | G32: =G30-G31 -> 0 | H32: =H30-H31 -> 289405
C33: 转成美金 | F33: =ROUND(F32/F$10,2) -> 11512.28 | G33: =ROUND(G32/G$10,2) -> #DIV/0! | H33: =ROUND(H32/H$10,2) -> 8921.24
C34: 转成人民币
C36: 小花仙 | D36: 42156 | E36: 42186 | F36: 42217 | G36: 42248 | H36: 42278 | I36: 42309
C37: 总收入 | F37: =数据—淘米方!G$126 -> 1451530 | H37: =数据—淘米方!I$126 -> 1025420
C38: 测试收入 | F38: 31695 | H38: 1555
C39: 正式进账 | F39: =F37-F38 -> 1419835 | H39: =H37-H38 -> 1023865
C40: 依据合约抽成 | F40: =ROUND(F39*$D$5,0) -> 255570 | H40: =ROUND(H39*$D$5,0) -> 184296
C41: 台湾政府税率20% | F41: =ROUND(F40*0.2,0) -> 51114 | H41: =ROUND(H40*0.2,0) -> 36859
C42: 分成实付台币金额 | F42: =F40-F41 -> 204456 | H42: =H40-H41 -> 147437
C43: 转成美金 | F43: =ROUND(F42/F$10,2) -> 6290.95 | H43: =ROUND(H42/H$10,2) -> 4544.91
C44: 转成人民币
C47: 功夫派 | D47: 42156 | E47: 42186 | F47: 42217 | G47: 42248 | H47: 42278 | I47: 42309
C48: 总收入 | F48: =数据—淘米方!G$127 -> 308395 | H48: 105735
C49: 测试收入 | F49: 13821 | H49: 1001
C50: 正式进账 | F50: =F48-F49 -> 294574 | G50: =G48-G49 -> 0 | H50: =H48-H49 -> 104734
C51: 依据合约抽成 | F51: =ROUND(F50*$D$6,0) -> 73644 | G51: =ROUND(G50*$D$6,0) -> 0 | H51: =ROUND(H50*$D$6,0) -> 26184
C52: 台湾政府税率20% | F52: =ROUND(F51*0.2,0) -> 14729 | G52: =ROUND(G51*0.2,0) -> 0 | H52: =ROUND(H51*0.2,0) -> 5237
C53: 分成实付台币金额 | F53: =F51-F52 -> 58915 | G53: =G51-G52 -> 0 | H53: =H51-H52 -> 20947
C54: 转成美金 | F54: =ROUND(F53/F$10,2) -> 1812.77 | G54: =ROUND(G53/G$10,2) -> #DIV/0! | H54: =ROUND(H53/H$10,2) -> 645.72
C55: 转成人民币
C57: 热血精灵派 | D57: 42156 | E57: 42186 | F57: 42217 | G57: 42248 | H57: 42278 | I57: 42309
C58: 总收入 | F58: =数据—淘米方!G$128 -> 283210 | H58: 258245
C59: 测试收入 | F59: 3530 | H59: 8615
C60: 正式进账 | F60: =F58-F59 -> 279680 | G60: =G58-G59 -> 0 | H60: =H58-H59 -> 249630
C61: 依据合约抽成 | F61: =ROUND(F60*$D$7,0) -> 61530 | G61: =ROUND(G60*$D$7,0) -> 0 | H61: =ROUND(H60*$D$7,0) -> 54919
C62: 台湾政府税率20% | F62: =ROUND(F61*0.2,0) -> 12306 | G62: =ROUND(G61*0.2,0) -> 0 | H62: =ROUND(H61*0.2,0) -> 10984
C63: 分成实付台币金额 | F63: =F61-F62 -> 49224 | G63: =G61-G62 -> 0 | H63: =H61-H62 -> 43935
C64: 转成美金 | F64: =ROUND(F63/F$10,2) -> 1514.58 | G64: =ROUND(G63/G$10,2) -> #DIV/0! | H64: =ROUND(H63/H$10,2) -> 1354.35
C65: 转成人民币
